date,time,source,topic,description
8/11/2023,17:01,STARK,Financial Statement,แจ้งการไม่ส่งงบการเงินรายไตรมาส
8/11/2023,17:01,STARK,Special Audit,แจ้งเปลี่ยนแปลงผู้ควบคุมดูแลการทำบัญชี
8/11/2023,17:00,STARK,Committee,แจ้งมติคณะกรรมการบริษัท ครั้งที่ 15/2566 เรื่อง การแต่งตั้งกรรมการแทนกรรมการที่ลาออก การเปลี่ยนแปลงผู้ดำรงตำแหน่งเลขานุการบริษัท ผู้ควบคุมดูแลการทำบัญชีของบริษัท และกรรมการผู้มีอำนาจลงนามผูกพันบริษัท
8/11/2023,17:01,STARK,Financial Statement,แจ้งการไม่ส่งงบการเงินรายไตรมาส
8/11/2023,17:01,STARK,Special Audit,แจ้งเปลี่ยนแปลงผู้ควบคุมดูแลการทำบัญชี
8/11/2023,17:00,STARK,Committee,แจ้งมติคณะกรรมการบริษัท ครั้งที่ 15/2566 เรื่อง การแต่งตั้งกรรมการแทนกรรมการที่ลาออก การเปลี่ยนแปลงผู้ดำรงตำแหน่งเลขานุการบริษัท ผู้ควบคุมดูแลการทำบัญชีของบริษัท และกรรมการผู้มีอำนาจลงนามผูกพันบริษัท
8/2/2023,20:56,STARK,Private Placement,รายงานการใช้เงินเพิ่มทุนที่ได้รับจากการเสนอขายหุ้นสามัญเพิ่มทุนให้แก่บุคคลในวงจำกัด (Private Placement) (แก้ไข)
7/31/2023,8:40,SET,Announcement,ตลาดหลักทรัพย์ฯ ประกาศเพิ่มเหตุเข้าข่ายอาจถูกเพิกถอนหลักทรัพย์ STARK กรณีบริษัทเปิดเผยข้อมูลอันเป็นเท็จในงบการเงิน
7/27/2023,19:49,STARK,Private Placement,รายงานการใช้เงินเพิ่มทุนที่ได้รับจากการเสนอขายหุ้นสามัญเพิ่มทุนให้แก่บุคคลในวงจำกัด (Private Placement)
7/25/2023,8:37,SET,Stock Symbol,ตลาดหลักทรัพย์ขึ้นเครื่องหมาย NP หลักทรัพย์ของ STARK กรณีไม่สามารถแต่งตั้งกรรมการตรวจสอบให้ครบถ้วนภายในเวลาที่กำหนด
7/18/2023,12:47,SEC,Special Audit,SEC News :STARK นำส่งรายงานความคืบหน้าของการตรวจสอบเป็นกรณีพิเศษ พร้อมขอขยายระยะเวลาเป็นครั้งที่ 2
7/17/2023,20:26,STARK,Special Audit,รายงานความคืบหน้าเรื่องการตรวจสอบเป็นกรณีพิเศษ (Extended-scope Special Audit) รวมถึงการขอขยายระยะเวลาครั้งที่สอง และแนวทางการดำเนินการของบริษัท กรณีส่วนของผู้ถือหุ้นมีค่าน้อยกว่าศูนย์
7/10/2023,20:33,STARK,Committee,แจ้งมติคณะกรรมการบริษัท ครั้งที่ 14/2566 เรื่อง การแต่งตั้งกรรมการแทนกรรมการที่ลาออก และเปลี่ยนแปลงกรรมการผู้มีอำนาจลงนามผูกพันบริษัท
7/10/2023,17:11,SEC,Special Audit,SEC News : ก.ล.ต. สั่งการ STARK ให้นำส่งรายงานผลการตรวจสอบเป็นกรณีพิเศษ ภายในวันที่ 17 กรกฎาคม 2566
7/7/2023,20:24,STARK,Committee,แจ้งกรรมการลาออก
7/6/2023,17:19,STARK,Warrant,แบบรายงานผลการใช้สิทธิของ STARK-W1 (F53-5) ครั้งที่ 2
7/6/2023,12:30,STARK,Committee,แจ้งกรรมการลาออกและชี้แจงข่าวการกล่าวโทษของสำนักงานคณะกรรมการกำกับหลักทรัพย์และตลาดหลักทรัพย์
7/4/2023,20:56,STARK,Committee,การแจ้งมติคณะกรรมการบริษัท ครั้งที่ 13/2566 เรื่อง การแต่งตั้งกรรมการแทนกรรมการที่ลาออก และเปลี่ยนแปลงกรรมการผู้มีอำนาจลงนามผูกพันบริษัท
6/30/2023,21:19,STARK,Special Audit,ชี้แจงการแก้ไขรายงานผู้สอบบัญชีของงบการเงินประจำปี 2565
6/30/2023,19:45,STARK,Debentures,การไม่ชำระหนี้เงินต้นและดอกเบี้ยของหุ้นกู้หมายเลข STARK239A และ STARK249A
6/30/2023,8:21,SET,Announcement,30 มิถุนายน 2566 เป็นวันซื้อขายสุดท้ายของ STARK
6/29/2023,8:14,SET,Announcement,30 มิถุนายน 2566 เป็นวันซื้อขายสุดท้ายของ STARK
6/28/2023,21:20,STARK,Business Related,แนวทางการดำเนินการของบริษัท กรณีส่วนของผู้ถือหุ้นมีค่าน้อยกว่าศูนย์
6/28/2023,8:28,SET,Announcement,30 มิถุนายน 2566 เป็นวันซื้อขายสุดท้ายของ STARK
6/26/2023,7:00,SEC,Financial Statement,SEC News : สรุปแบบ 246-2 ประจำวันที่ 23 มิถุนายน 2566
6/23/2023,17:00,STARK,Business Related,ชี้แจงความคืบหน้าเกี่ยวกับการร้องทุกข์ดำเนินคดีของบริษัท
6/21/2023,21:26,STARK,Debentures,ชี้แจงการถูกเรียกให้ชำระหนี้เงินต้นและดอกเบี้ยคงค้าง และการยกเลิกการจัดประชุมผู้ถือหุ้นกู้ครั้งที่ 3/2566 สำหรับหุ้นกู้หมายเลข STARK245A STARK255A และ STARK242A
6/21/2023,17:00,STARK,Affiliates,ชี้แจงกรณีผิดนัดการชำระคืนเงินต้นภายใต้หุ้นกู้ไม่ด้อยสิทธิของบริษัท อดิสรสงขลา จำกัด
6/19/2023,21:52,STARK,Others,ชี้แจงข้อมูลเพิ่มเติมเกี่ยวกับการระงับข้อพิพาทโดยอนุญาโตตุลาการ
6/19/2023,12:36,STARK,Others,คำอธิบายและวิเคราะห์ของฝ่ายจัดการ ประจำปี สิ้นสุดวันที่ 31 ธ.ค. 2565  (แก้ไข)
6/19/2023,8:03,SEC,Announcement,SEC News :ก.ล.ต. ขอให้ผู้ลงทุนพิจารณาข้อมูลเกี่ยวกับงบการเงินและผลการตรวจสอบของ STARK ด้วยความระมัดระวัง
6/19/2023,7:31,SET,Stock Symbol,ตลาดหลักทรัพย์ฯ แจ้งดำเนินการกับ STARK กรณีส่วนผู้ถือหุ้นมีค่าน้อยกว่าศูนย์ ขึ้นเครื่องหมาย NP และขอให้ผู้ลงทุนศึกษาข้อมูลในงบการเงินปี 2565 และรายงานผล special audit
6/19/2023,7:18,STARK,Financial Statement,ชี้แจงรายการปรับปรุงงบการเงินที่สำคัญในงบการเงินรวมของบริษัทและบริษัทย่อยที่ผ่านการตรวจสอบประจำปี 2565
6/19/2023,7:07,STARK,Special Audit,รายงานความคืบหน้าของการตรวจสอบเป็นกรณีพิเศษตามขอบเขตที่สำนักงาน ก.ล.ต. ให้ขยายผลเพิ่มเติม (extended-scope special audit) (เพิ่มเติมฉบับภาษาอังกฤษ)
6/16/2023,22:29,STARK,Special Audit,การขอขยายระยะเวลาเพื่อดำเนินการตรวจสอบเป็นกรณีพิเศษตามขอบเขตที่สำนักงาน ก.ล.ต. ให้ขยายผลเพิ่มเติม (extended-scope special audit)
6/16/2023,22:28,STARK,Special Audit,รายงานความคืบหน้าของการตรวจสอบเป็นกรณีพิเศษตามขอบเขตที่สำนักงาน ก.ล.ต. ให้ขยายผลเพิ่มเติม (extended-scope special audit)
6/16/2023,22:18,STARK,Special Audit,สรุปผลการตรวจสอบเป็นกรณีพิเศษ (Special Audit) ระยะแรก
6/16/2023,19:48,STARK,Financial Statement,ขอแจ้งกำหนดการส่งงบการเงินที่ผ่านการตรวจสอบประจำปี 2565 (ฉบับภาษาอังกฤษ)
6/16/2023,19:48,STARK,Announcement,ชี้แจงเหตุที่ผู้สอบบัญชีไม่แสดงความเห็นต่องบการเงินประจำปี 2565
6/16/2023,19:40,STARK,Others,คำอธิบายและวิเคราะห์ของฝ่ายจัดการ ประจำปี สิ้นสุดวันที่ 31 ธ.ค. 2565
6/16/2023,19:39,STARK,Performance,สรุปผลการดำเนินงานของ บจ. ประจำปี (F45) (ตรวจสอบแล้ว)
6/15/2023,20:11,STARK,Debentures,ชี้แจงการถูกเรียกให้หนี้เงินต้นและดอกเบี้ยคงค้างของหุ้นกู้หมายเลข STARK239A และ STARK249A และการจัดประชุมผู้ถือหุ้นกู้ครั้งที่ 3/2566 สำหรับหุ้นกู้หมายเลข STARK245A STARK255A และ STARK242A
6/14/2023,8:41,STARK,Announcement,ชี้แจงข่าวหรือข้อมูลตามที่ตลาดหลักทรัพย์ฯ สอบถาม (แก้ไข Template)
6/13/2023,21:05,STARK,Announcement,ชี้แจงข่าวหรือข้อมูลตามที่ตลาดหลักทรัพย์ฯ สอบถาม
6/13/2023,17:52,SEC,Others,SEC News : ก.ล.ต. สั่งให้ STARK ชี้แจงข้อเท็จจริงเกี่ยวกับข้อพิพาทระหว่างบริษัทกับ LEONI AG และ LEONI Bordnetz-Systeme GmbH
6/12/2023,8:18,STARK,Others,แจ้งข้อมูลเกี่ยวกับการระงับข้อพิพาทโดยอนุญาโตตุลาการ
6/8/2023,17:23,SET,Special Audit,ตลาดหลักทรัพย์ฯ ขอให้ STARK ชี้แจงความคืบหน้าการจัดทำงบการเงินปี 2565 การจัดทำ Special Audit และการดำเนินการต่าง ๆ
6/6/2023,7:42,STARK,Others,ชี้แจงข้อเท็จจริงที่เกี่ยวข้องกับข่าวการร้องทุกข์ดำเนินคดีของบริษัท
6/1/2023,8:49,SET,Announcement,ตลาดหลักทรัพย์ฯ ขอให้ผู้ลงทุนศึกษาข้อมูลผลการประชุมผู้ถือหุ้นกู้ของ STARK
6/1/2023,8:45,STARK,Debentures,แจ้งมติที่ประชุมผู้ถือหุ้นกู้บริษัท สตาร์ค คอร์เปอเรชั่น จำกัด (มหาชน) ครั้งที่ 2/2565 (STARK242A)  (แก้ไข)
6/1/2023,8:42,STARK,Debentures,แจ้งมติที่ประชุมผู้ถือหุ้นกู้บริษัท สตาร์ค คอร์เปอเรชั่น จำกัด (มหาชน) ครั้งที่ 1/2565 ชุดที่ 2 (STARK245A) และ หุ้นกู้บริษัท สตาร์ค คอร์เปอเรชั่น จำกัด (มหาชน) ครั้งที่ 1/2565 ชุดที่ 3 (STARK255A) (แก้ไข)
6/1/2023,8:41,STARK,Debentures,แจ้งมติที่ประชุมผู้ถือหุ้นกู้บริษัท สตาร์ค คอร์เปอเรชั่น จำกัด (มหาชน) ครั้งที่ 1/2564 ชุดที่ 1 (STARK239A) และ หุ้นกู้บริษัท สตาร์ค คอร์เปอเรชั่น จำกัด (มหาชน) ครั้งที่ 1/2564  ชุดที่ 2 (STARK249A) (แก้ไข)
6/1/2023,6:57,STARK,Debentures,แจ้งมติที่ประชุมผู้ถือหุ้นกู้บริษัท สตาร์ค คอร์เปอเรชั่น จำกัด (มหาชน) ครั้งที่ 2/2565 (STARK242A)
6/1/2023,6:55,STARK,Debentures,แจ้งมติที่ประชุมผู้ถือหุ้นกู้บริษัท สตาร์ค คอร์เปอเรชั่น จำกัด (มหาชน) ครั้งที่ 1/2565 ชุดที่ 2 (STARK245A) และ หุ้นกู้บริษัท สตาร์ค คอร์เปอเรชั่น จำกัด (มหาชน) ครั้งที่ 1/2565 ชุดที่ 3 (STARK255A)
6/1/2023,6:52,STARK,Debentures,แจ้งมติที่ประชุมผู้ถือหุ้นกู้บริษัท สตาร์ค คอร์เปอเรชั่น จำกัด (มหาชน) ครั้งที่ 1/2564 ชุดที่ 1 (STARK239A) และ หุ้นกู้บริษัท สตาร์ค คอร์เปอเรชั่น จำกัด (มหาชน) ครั้งที่ 1/2564  ชุดที่ 2 (STARK249A)
5/31/2023,8:47,STARK,Stock Symbol,"ชี้แจงการดำเนินการแก้ไขกรณีที่ถูกขึ้นเครื่องหมาย ""C"""
5/29/2023,17:53,SEC,Public Presentation,"SEC News : ก.ล.ต. ขอให้ผู้ถือหุ้น STARK เข้าร่วม ""การประชุมเพื่อให้ข้อมูลแก่ผู้ลงทุนและผู้ที่เกี่ยวข้อง (Public Presentation)"" ในวันที่ 30 พฤษภาคม 2566"
5/29/2023,17:02,SET,Announcement,ขอแจ้งรายชื่อหลักทรัพย์ที่จะไม่นำมารวมในการคำนวณดัชนี
5/29/2023,17:01,STARK,Warrant,กำหนดการใช้สิทธิของ STARK-W1
5/29/2023,8:31,SET,Business Related,ตลาดหลักทรัพย์ฯ เปิดให้ซื้อขายหลักทรัพย์ STARK ระหว่างวันที่ 1 - 30 มิ.ย. 66 โดยให้ซื้อด้วยบัญชี Cash Balance
5/26/2023,21:22,STARK,Public Presentation,กำหนดการจัดประชุมเพื่อให้ข้อมูลแก่ผู้ลงทุนและผู้ที่เกี่ยวข้อง (Public Presentation) (แก้ไขเพิ่มเติมครั้งที่ 1)
5/25/2023,20:50,STARK,Others,ชี้แจงเหตุผิดนัดภายใต้ข้อกำหนดสิทธิสำหรับหุ้นกู้ของบริษัท สตาร์ค คอร์เปอเรชั่น จำกัด (มหาชน)
5/25/2023,20:25,STARK,Public Presentation,กำหนดการจัดประชุมเพื่อให้ข้อมูลแก่ผู้ลงทุนและผู้ที่เกี่ยวข้อง (Public Presentation)
5/24/2023,8:44,STARK,Announcement,ชี้แจงข้อมูลและความคืบหน้าของการดำเนินการของบริษัทตามที่สำนักงานคณะกรรมการกำกับหลักทรัพย์และตลาดหลักทรัพย์สอบถาม
5/18/2023,9:23,SET,Stock Symbol,ตลาดหลักทรัพย์ฯ ขึ้นเครื่องหมาย C หลักทรัพย์ของ STARK
5/18/2023,9:02,SEC,Announcement,SEC News : ก.ล.ต. สั่งการ STARK ให้ชี้แจงข้อเท็จจริงและจัดให้มีการตรวจสอบเป็นกรณีพิเศษ
5/16/2023,9:10,SET,Stock Symbol,ตลาดหลักทรัพย์ขึ้นเครื่องหมาย SP หลักทรัพย์ของบริษัทจดทะเบียน กรณีไม่ส่งงบการเงินสิ้นสุดวันที่ 31 มี.ค. 2566
4/28/2023,20:57,STARK,Announcement,ชี้แจงแผนการจัดทำงบการเงินประจำปี 2565 และแผนการชำระหนี้หุ้นกู้ของบริษัท
4/28/2023,17:50,STARK,Debentures,แจ้งมติที่ประชุมผู้ถือหุ้นกู้บริษัท สตาร์ค คอร์เปอเรชั่น จำกัด (มหาชน) ครั้งที่ 2/2565 ชุดที่ 5 (STARK242A)
4/28/2023,17:49,STARK,Debentures,แจ้งมติที่ประชุมผู้ถือหุ้นกู้บริษัท สตาร์ค คอร์เปอเรชั่น จำกัด (มหาชน) ครั้งที่ 1/2565 ชุดที่ 2 (STARK245A) และ หุ้นกู้บริษัท สตาร์ค คอร์เปอเรชั่น จำกัด (มหาชน) ครั้งที่ 1/2565 ชุดที่ 3 (STARK255A)
4/28/2023,17:48,STARK,Debentures,แจ้งมติที่ประชุมผู้ถือหุ้นกู้ของบริษัท สตาร์ค คอร์เปอเรชั่น จำกัด (มหาชน) ครั้งที่ 1/2564 ชุดที่ 1 (STARK239A) และ หุ้นกู้บริษัท สตาร์ค คอร์เปอเรชั่น จำกัด (มหาชน) ครั้งที่ 1/2564 ชุดที่ 2 (STARK249A)
4/26/2023,13:12,STARK,Others,ชี้แจงการดำเนินการตามเหตุผิดนัดภายใต้ข้อกำหนดสิทธิสำหรับหุ้นกู้ของบริษัท สตาร์ค คอร์เปอเรชั่น จำกัด (มหาชน)
4/26/2023,7:59,STARK,Committee,แจ้งกรรมการลาออก และการแต่งตั้งกรรมการใหม่แทนกรรมการที่ลาออก (แก้ไขเพิ่มเติมเอกสารแนบ)
4/25/2023,20:11,STARK,Committee,แจ้งกรรมการลาออก และการแต่งตั้งกรรมการใหม่แทนกรรมการที่ลาออก
4/20/2023,20:56,STARK,Committee,แจ้งกรรมการลาออก และการแต่งตั้งกรรมการใหม่แทนกรรมการที่ลาออก การเปลี่ยนแปลงประธานเจ้าหน้าที่บริหาร ยกเลิกตำแหน่งกรรมการผู้จัดการใหญ่ และแต่งตั้งรักษาการเลขานุการบริษัท (แก้ไขเพิ่มเติมครั้งที่ 1)
4/20/2023,20:55,STARK,Committee,แจ้งกรรมการลาออก (แก้ไขเพิ่มเติมครั้งที่ 1)
4/19/2023,22:00,STARK,Financial Statement,แจ้งกำหนดการเลื่อนส่งงบการเงินประจำปี 2565
4/19/2023,17:12,STARK,Committee,แจ้งเปลี่ยนแปลง CFO และผู้ควบคุมดูแลการทำบัญชี
4/19/2023,17:08,STARK,Committee,แจ้งกรรมการลาออก และการแต่งตั้งกรรมการใหม่แทนกรรมการที่ลาออก การเปลี่ยนแปลงประธานเจ้าหน้าที่บริหาร ยกเลิกตำแหน่งกรรมการผู้จัดการใหญ่ และแต่งตั้งรักษาการเลขานุการบริษัท
4/17/2023,17:00,STARK,Committee,แจ้งกรรมการลาออก
4/3/2023,17:18,STARK,Warrant,แบบรายงานผลการใช้สิทธิของ STARK-W1 ครั้งที่ 1 (F53-5)
3/31/2023,18:06,STARK,Financial Statement,แจ้งกำหนดการเลื่อนส่งงบการเงิน
3/31/2023,18:05,STARK,Committee,แจ้งเปลี่ยนแปลง CFO
3/31/2023,18:01,STARK,Committee,การแจ้งมติคณะกรรมการบริษัท ครั้งที่ 4/2566 เรื่อง การเปลี่ยนแปลง (CEO) และการแต่งตั้ง (CFO) และเลขานุการบริษัท (Company Secretary)
3/1/2023,9:15,SET,Stock Symbol,ตลาดหลักทรัพย์ขึ้นเครื่องหมาย SP หลักทรัพย์ของบริษัทจดทะเบียน กรณีไม่ส่งงบการเงินสิ้นสุดวันที่ 31 ธ.ค. 2565
2/28/2023,19:34,STARK,Financial Statement,แจ้งการส่งงบการเงินล่าช้า
2/28/2023,18:46,STARK,Warrant,กำหนดการใช้สิทธิของ STARK-W1 ครั้งที่ 1
2/28/2023,18:25,STARK,Debentures,ชี้แจงการเปลี่ยนแปลงระยะเวลาการใช้เงินตามวัตถุประสงค์ของหุ้นกู้ของบริษัท ครั้งที่ 2/2565
2/14/2023,20:06,STARK,Business Related,แจ้งรายละเอียดเพิ่มเติมเกี่ยวกับการปรับโครงสร้างองค์กรของบริษัท
2/10/2023,17:19,STARK,Committee,แจ้งการลาออกของประธานเจ้าหน้าที่บริหาร
1/30/2023,21:00,STARK,Announcement,ชี้แจงความคืบหน้าในการกำหนดวัตถุประสงค์และแผนการใช้เงินเพิ่มทุนใหม่
1/27/2023,17:00,STARK,Committee,การแจ้งมติคณะกรรมการบริษัท ครั้งที่ 1/2566 เรื่อง การแต่งตั้งและเปลี่ยนแปลงผู้บริหาร และโครงสร้างองค์กรของบริษัท
1/3/2023,12:30,STARK,General Meetings,การเปิดโอกาสให้ผู้ถือหุ้นเสนอวาระการประชุมสามัญผู้ถือหุ้น ประจำปี 2566 และเสนอชื่อบุคคลเพื่อเข้ารับการเลือกตั้งเป็นกรรมการบริษัทเป็นการล่วงหน้า
12/22/2022,8:57,STARK,Private Placement,ชี้แจงเพิ่มเติมเกี่ยวกับโครงการซื้อหุ้นคืน (Treasury Stock) และการเปลี่ยนแปลงวัตถุประสงค์การใช้เงินเพิ่มทุนที่ได้รับจากการเสนอขายหุ้นสามัญเพิ่มทุนให้แก่บุคคลในวงจำกัด  (PP)
12/21/2022,18:33,STARK,Others,โครงการซื้อหุ้นคืนเพื่อบริหารทางการเงิน (Treasury Stock)
12/13/2022,18:41,STARK,Private Placement,การเปลี่ยนแปลงวัตถุประสงค์การใช้เงินเพิ่มทุนที่ได้รับจากการเสนอขายหุ้นสามัญเพิ่มทุนให้แก่บุคคลในวงจำกัด (Private Placement)
12/13/2022,17:52,STARK,Others,การใช้สิทธิเพิกถอนของผู้ซื้อภายใต้สัญญาซื้อขายหุ้น
11/14/2022,20:22,STARK,Others,คำอธิบายและวิเคราะห์ของฝ่ายจัดการ ไตรมาสที่ 3 สิ้นสุดวันที่ 30 ก.ย. 2565
11/14/2022,20:21,STARK,Performance,สรุปผลการดำเนินงานของ บจ. ไตรมาสที่ 3 (F45) (สอบทานแล้ว)
10/25/2022,8:37,STARK,Private Placement,แจ้งการจัดสรรหุ้นสามัญเพิ่มทุนที่ออกใหม่ต่อบุคคลในวงจำกัด (Private Placement) และรายละเอียดเกี่ยวกับบุคคลในวงจำกัดที่ได้รับการเสนอขายหุ้นที่ออกใหม่ (แก้ไขเพิ่มเติมครั้งที่ 3)
10/12/2022,17:05,STARK,Private Placement,แบบรายงานผลการขายของ หุ้นสามัญ ที่เสนอขายให้แก่ บุคคลในวงจำกัด (F53-5) (แก้ไขเพิ่มเติมครั้งที่ 1)
10/12/2022,17:04,STARK,Private Placement,แจ้งการจัดสรรหุ้นสามัญเพิ่มทุนที่ออกใหม่ต่อบุคคลในวงจำกัด (Private Placement) และรายละเอียดเกี่ยวกับบุคคลในวงจำกัดที่ได้รับการเสนอขายหุ้นที่ออกใหม่ (แก้ไขเพิ่มเติมครั้งที่ 2)
10/12/2022,8:24,SET,Right Offering,หุ้นเพิ่มทุนของ STARK เริ่มซื้อขายวันที่ 17 ตุลาคม 2565
10/11/2022,21:24,STARK,Private Placement,แจ้งการจัดสรรหุ้นสามัญเพิ่มทุนที่ออกใหม่ต่อบุคคลในวงจำกัด (Private Placement) และรายละเอียดเกี่ยวกับบุคคลในวงจำกัดที่ได้รับการเสนอขายหุ้นที่ออกใหม่ (แก้ไขเพิ่มเติมครั้งที่ 1)
10/11/2022,17:00,STARK,Right Offering,แจ้งการซื้อขายหุ้นสามัญเพิ่มทุนในตลาดหลักทรัพย์แห่งประเทศไทย
10/10/2022,18:47,STARK,Private Placement,แบบรายงานผลการขายของ หุ้นสามัญ ที่เสนอขายให้แก่ บุคคลในวงจำกัด (F53-5)
10/10/2022,18:35,STARK,Announcement,การจดทะเบียนเปลี่ยนแปลงทุนชำระแล้ว ของบริษัท สตาร์ค คอร์เปอเรชั่น จำกัด (มหาชน)
10/10/2022,7:06,STARK,Private Placement,แจ้งการจัดสรรหุ้นสามัญเพิ่มทุนที่ออกใหม่ต่อบุคคลในวงจำกัด (Private Placement) และรายละเอียดเกี่ยวกับบุคคลในวงจำกัดที่ได้รับการเสนอขายหุ้นที่ออกใหม่
10/7/2022,17:01,STARK,Announcement,การเผยแพร่รายงานการประชุมวิสามัญผู้ถือหุ้น ครั้งที่ 1/2565 บนเว็บไซต์ของบริษัทฯ
10/5/2022,17:01,STARK,Right Offering,แจ้งการจดทะเบียนเพิ่มทุนจดทะเบียนของบริษัท สตาร์ค คอร์เปอเรชั่น จำกัด (มหาชน)
10/4/2022,21:34,STARK,Private Placement,แจ้งกำหนดราคาเสนอขายและวันเสนอขายหุ้นที่ออกใหม่ต่อบุคคลในวงจำกัด (Private Placement) และการคำนวณราคาเสนอขายและการเปรียบเทียบราคาตลาด (แก้ไขเพิ่มเติมครั้งที่ 2)
10/4/2022,9:16,STARK,Private Placement,แจ้งกำหนดราคาเสนอขายและวันเสนอขายหุ้นที่ออกใหม่ ต่อบุคคลในวงจำกัด (Private placement) การคำนวณราคาเสนอขายและการเปรียบเทียบราคาตลาด (แก้ไขเพิ่มเติมครั้งที่ 1)
10/4/2022,8:51,STARK,Warrant,การไม่ปรับสิทธิของ STARK-W1
10/4/2022,8:09,STARK,Private Placement,แจ้งกำหนดราคาเสนอขายและวันเสนอขายหุ้นที่ออกใหม่ต่อบุคคลในวงจำกัด (Private Placement)  การคำนวณราคาเสนอขายและการเปรียบเทียบราคาตลาด
9/30/2022,7:00,SEC,Financial Statement,SEC News : สรุปแบบ 246-2 ประจำวันที่ 29 กันยายน 2565
9/23/2022,17:00,STARK,General Meetings,แจ้งมติที่ประชุมวิสามัญผู้ถือหุ้นครั้งที่ 1/2565
9/15/2022,17:06,STARK,Affiliates,รายงานความเห็นของที่ปรึกษาอิสระเกี่ยวกับรายการได้มาซึ่งสินทรัพย์เกี่ยวกับการลงทุนใน LEONI Kabel GmbH (ในประเทศเยอรมนี) และ LEONIsche Holding Inc (ในประเทศสหรัฐอเมริกา)
9/8/2022,8:42,STARK,General Meetings,การเผยแพร่หนังสือเชิญประชุมวิสามัญผู้ถือหุ้นครั้งที่ 1/2565 ซึ่งประชุมผ่านสื่ออิเล็กทรอนิกส์ (E-EGM)  บนเว็บไซต์ของบริษัท
8/11/2022,20:19,STARK,Others,คำอธิบายและวิเคราะห์ของฝ่ายจัดการ ไตรมาสที่ 2 สิ้นสุดวันที่ 30 มิ.ย. 2565
8/11/2022,20:19,STARK,Performance,สรุปผลการดำเนินงานของ บจ. ไตรมาสที่ 2 (F45) (สอบทานแล้ว)
8/5/2022,6:38,STARK,Private Placement,แจ้งมติคณะกรรมการบริษัท ครั้งที่ 5/2565 การเพิ่มทุนจดทะเบียนเพื่อรองรับการจัดสรรหุ้นเพิ่มทุน (Private Placement) การเปลี่ยนแปลงวันประชุม วันกำหนดรายชื่อ (Record Date) และการเพิ่มเติมวาระการประชุมวิสามัญผู้ถือหุ้น ครั้งที่ 1/2565 (แก้ไขครั้งที่ 1)
8/1/2022,7:57,STARK,Private Placement,แจ้งมติคณะกรรมการบริษัท ครั้งที่ 5/2565 เรื่อง การเพิ่มทุนจดทะเบียนเพื่อรองรับการจัดสรรหุ้นเพิ่มทุน (Private Placement) การเปลี่ยนแปลงวันประชุมและวันกำหนดรายชื่อผู้ถือหุ้น (Record Date) และการเพิ่มเติมวาระการประชุมวิสามัญผู้ถือหุ้น ครั้งที่ 1/2565
6/1/2022,17:02,STARK,General Meetings,การได้มาซึ่งสินทรัพย์และกำหนดวันประชุมวิสามัญผู้ถือหุ้นครั้งที่ 1/2565 (แก้ไขเพิ่มเติมครั้งที่ 1)
5/23/2022,20:56,STARK,General Meetings,การได้มาซึ่งสินทรัพย์และกำหนดวันประชุมวิสามัญผู้ถือหุ้นครั้งที่ 1/2565
5/20/2022,17:08,STARK,Others,คำอธิบายและวิเคราะห์ของฝ่ายจัดการ ไตรมาสที่ 1 สิ้นสุดวันที่ 31 มี.ค. 2565 (แก้ไขเพิ่มเติมครั้งที่ 1)
5/13/2022,17:01,STARK,General Meetings,การเผยแพร่รายงานการประชุมสามัญผู้ถือหุ้นประจำปี 2565 บนเว็บไซต์ของบริษัทฯ
5/13/2022,6:44,STARK,Others,คำอธิบายและวิเคราะห์ของฝ่ายจัดการ ไตรมาสที่ 1 สิ้นสุดวันที่ 31 มี.ค. 2565
5/13/2022,6:42,STARK,Performance,สรุปผลการดำเนินงานของ บจ. ไตรมาสที่ 1 (F45) (สอบทานแล้ว)
4/29/2022,17:38,STARK,General Meetings,แจ้งมติที่ประชุมสามัญผู้ถือหุ้นประจำปี 2565
4/12/2022,18:33,STARK,General Meetings,การเผยแพร่หนังสือเชิญประชุมสามัญผู้ถือหุ้นประจำปี 2565 ซึ่งประชุมผ่านสื่ออิเล็กทรอนิกส์ (E-AGM) บนเว็บไซต์  ของบริษัท
3/31/2022,17:54,STARK,General Meetings,การแจ้งมติคณะกรรมการบริษัท ครั้งที่ 2/2565 เรื่อง การเพิ่มวงเงินการออกและเสนอขายตราสารหนี้ของบริษัทฯ และเพิ่มเติมวาระการประชุมสามัญผู้ถือหุ้นประจำปี 2565
2/24/2022,19:01,STARK,General Meetings,การแจ้งมติคณะกรรมการบริษัท ครั้งที่ 1/2565 เรื่องการเข้าลงทุนในบริษัท สตาร์ค ดิจิตอล จำกัด และการกำหนดวันประชุมสามัญผู้ถือหุ้นประจำปี 2565 (แก้ไขเพิ่มเติมครั้งที่ 1)
2/24/2022,7:35,STARK,General Meetings,การแจ้งมติคณะกรรมการบริษัท ครั้งที่ 1/2565 เรื่องการเข้าลงทุนในบริษัท สตาร์ค ดิจิตอล จำกัด และการกำหนดวันประชุมสามัญผู้ถือหุ้นประจำปี 2565
2/24/2022,7:32,STARK,Others,คำอธิบายและวิเคราะห์ของฝ่ายจัดการ ประจำปี สิ้นสุดวันที่ 31 ธ.ค. 2564
2/24/2022,7:31,STARK,Performance,สรุปผลการดำเนินงานของ บจ. ประจำปี (F45) (ตรวจสอบแล้ว)
12/30/2021,12:32,STARK,General Meetings,การเปิดโอกาสให้ผู้ถือหุ้นเสนอวาระการประชุมสามัญผู้ถือหุ้น ประจำปี 2565 และเสนอชื่อบุคคล เพื่อเข้ารับการเลือกตั้งเป็นกรรมการบริษัทเป็นการล่วงหน้า
11/12/2021,8:50,STARK,Others,คำอธิบายและวิเคราะห์ของฝ่ายจัดการ ไตรมาสที่ 3 สิ้นสุดวันที่ 30 ก.ย. 2564  (แก้ไขเพิ่มเติมครั้งที่ 2)
11/11/2021,21:00,STARK,Others,คำอธิบายและวิเคราะห์ของฝ่ายจัดการ ไตรมาสที่ 3 สิ้นสุดวันที่ 30 ก.ย. 2564  (แก้ไขเพิ่มเติมครั้งที่ 1)
11/11/2021,20:12,STARK,Others,คำอธิบายและวิเคราะห์ของฝ่ายจัดการ ไตรมาสที่ 3 สิ้นสุดวันที่ 30 ก.ย. 2564
11/11/2021,20:11,STARK,Performance,สรุปผลการดำเนินงานของ บจ. ไตรมาสที่ 3 (F45) (สอบทานแล้ว)
8/16/2021,9:10,STARK,Others,คำอธิบายและวิเคราะห์ของฝ่ายจัดการ ไตรมาสที่ 2 สิ้นสุดวันที่ 30 มิ.ย. 2564 (แก้ไขเพิ่มเติมครั้งที่ 1)
8/16/2021,7:14,STARK,General Meetings,การแจ้งมติคณะกรรมการบริษัท ครั้งที่ 6/2564 เรื่อง การเข้าลงทุนในบริษัท ไทย เอ็นคอม จำกัด
8/16/2021,7:13,STARK,Others,คำอธิบายและวิเคราะห์ของฝ่ายจัดการ ไตรมาสที่ 2 สิ้นสุดวันที่ 30 มิ.ย. 2564
8/16/2021,7:09,STARK,Performance,สรุปผลการดำเนินงานของ บจ. ไตรมาสที่ 2 (F45) (สอบทานแล้ว)
5/14/2021,12:49,STARK,General Meetings,การเผยแพร่รายงานการประชุมสามัญผู้ถือหุ้นประจำปี 2564 บนเว็บไซต์ของบริษัทฯ
5/12/2021,12:31,STARK,Others,คำอธิบายและวิเคราะห์ของฝ่ายจัดการ ประจำปี สิ้นสุดวันที่ 31 ธ.ค. 2563 (แก้ไขเพิ่มเติมครั้งที่ 1)
5/11/2021,21:49,STARK,Others,คำอธิบายและวิเคราะห์ของฝ่ายจัดการ ไตรมาสที่ 1 สิ้นสุดวันที่ 31 มี.ค. 2564
5/11/2021,21:47,STARK,Performance,สรุปผลการดำเนินงานของ บจ. ไตรมาสที่ 1 (F45) (สอบทานแล้ว)
4/30/2021,18:50,STARK,General Meetings,แจ้งมติที่ประชุมสามัญผู้ถือหุ้นประจำปี 2564
4/19/2021,13:18,STARK,General Meetings,การเผยแพร่หนังสือเชิญประชุมสามัญผู้ถือหุ้นประจำปี 2564 ซึ่งประชุมผ่านสื่ออิเล็กทรอนิกส์ (E-AGM) บนเว็บไซต์ของบริษัท
4/1/2021,13:13,STARK,General Meetings,แบบแจ้งรายชื่อและขอบเขตการดำเนินงานของคณะกรรมการตรวจสอบ (F24-1)
4/1/2021,13:12,STARK,General Meetings,การแก้ไขเปลี่ยนแปลงกรรมการ และการแก้ไขเปลี่ยนแปลงวาระการประชุมสามัญผู้ถือหุ้นประจำปี 2564 (ฉบับแก้ไขเพิ่มเติม ครั้งที่ 2)
4/1/2021,8:05,STARK,General Meetings,การแก้ไขเปลี่ยนแปลงกรรมการ และการแก้ไขเปลี่ยนแปลงวาระการประชุมสามัญผู้ถือหุ้นประจำปี 2564 (ฉบับแก้ไขเพิ่มเติม)
3/31/2021,7:00,SEC,Financial Statement,SEC News : สรุปแบบ 246-2 ประจำวันที่ 30 มีนาคม 2564
3/25/2021,17:22,STARK,General Meetings,การแก้ไขเปลี่ยนแปลงกรรมการ และการแก้ไขเปลี่ยนแปลงวาระการประชุมสามัญผู้ถือหุ้นประจำปี 2564
3/19/2021,7:00,SEC,Financial Statement,SEC News : สรุปแบบ 246-2 ประจำวันที่ 18 มีนาคม 2564
3/18/2021,8:01,STARK,General Meetings,การยกเลิกสถานที่ประชุม และเปลี่ยนรูปแบบการประชุมสามัญผู้ถือหุ้นประจำปี 2564 เป็นผ่านสื่ออิเล็กทรอนิกส์ (E-AGM) และการแต่งตั้งกรรมการเข้าใหม่
2/23/2021,21:03,STARK,General Meetings,การแจ้งมติคณะกรรมการบริษัท ครั้งที่ 1/2564 และการกำหนดวันประชุมสามัญผู้ถือหุ้นประจำปี 2564
2/23/2021,21:02,STARK,Others,คำอธิบายและวิเคราะห์ของฝ่ายจัดการ ประจำปี สิ้นสุดวันที่ 31 ธ.ค. 2563
2/23/2021,21:02,STARK,Performance,สรุปผลการดำเนินงานของ บจ. ประจำปี (F45) (ตรวจสอบแล้ว)
1/14/2021,8:26,STARK,Warrant,สรุปข้อสนเทศ STARK-W1
1/14/2021,8:25,SET,Warrant,ตลาดหลักทรัพย์เพิ่มสินค้า : STARK-W1 เริ่มซื้อขายวันที่ 15 มกราคม 2564
1/12/2021,17:11,STARK,Warrant,การเผยแพร่เอกสารเกี่ยวกับการจัดสรรใบสำคัญแสดงสิทธิที่จะซื้อหุ้นสามัญของบริษัท สตาร์ค คอร์เปอเรชั่น จำกัด (มหาชน) รุ่นที่ 1 (STARK-W1) บนเว็บไซต์ของบริษัท
1/7/2021,13:18,STARK,Warrant,แบบรายงานผลการขายของ ใบสำคัญแสดงสิทธิ ที่เสนอขายให้แก่ ผู้ถือหุ้นสามัญเดิม (F53-5) (แก้ไข Template)
1/6/2021,17:02,STARK,Warrant,แบบรายงานผลการขายของ STARK-W1 ที่เสนอขายให้แก่ ผู้ถือหุ้นสามัญเดิม (F53-5)
12/30/2020,17:12,STARK,General Meetings,การเปิดโอกาสให้ผู้ถือหุ้นเสนอวาระการประชุม และเสนอชื่อบุคคล เพื่อเข้ารับการเลือกตั้งเป็นกรรมการบริษัทเป็นการล่วงหน้า
12/24/2020,17:01,SET,Split Par,การเปลี่ยนแปลงมูลค่าหุ้นที่ตราไว้ของ STARK
12/24/2020,8:51,STARK,Split Par,การจดทะเบียนเปลี่ยนแปลงมูลค่าหุ้นที่ตราไว้ โดยการรวมหุ้นของบริษัท สตาร์ค คอร์เปอเรชั่น จำกัด (มหาชน) (แก้ไขเพิ่มเติมครั้งที่ 2)
12/24/2020,8:44,STARK,Split Par,การจดทะเบียนเปลี่ยนแปลงมูลค่าหุ้นที่ตราไว้ โดยการรวมหุ้นของบริษัท สตาร์ค คอร์เปอเรชั่น จำกัด (มหาชน) (แก้ไขเพิ่มเติมครั้งที่ 1)
12/24/2020,8:36,SET,Right Offering,หุ้นเพิ่มทุนของ STARK เริ่มซื้อขายวันที่ 25 ธันวาคม 2563
12/23/2020,17:00,STARK,Split Par,การจดทะเบียนเปลี่ยนแปลงมูลค่าหุ้นที่ตราไว้ โดยการรวมหุ้นของบริษัท สตาร์ค คอร์เปอเรชั่น จำกัด (มหาชน)
12/22/2020,17:09,STARK,Private Placement,แบบรายงานผลการขายของ หุ้นสามัญ ที่เสนอขายให้แก่ บุคคลในวงจำกัด (F53-5)
12/22/2020,17:04,STARK,Split Par,การจดทะเบียนเปลี่ยนแปลงทุนจดทะเบียนชำระแล้วของ บริษัท สตาร์ค คอร์เปอเรชั่น จำกัด (มหาชน)
12/21/2020,17:44,STARK,Right Offering,การกำหนดวันจองซื้อและชำระค่าหุ้นสามัญเพิ่มทุนของบริษัท ซึ่งจัดสรรให้กับบุคคลในวงจำกัด และแจ้งผลการคำนวณเปรียบเทียบราคาตลาดและราคาเสนอขายหุ้นเพิ่มทุนให้แก่บุคคลในวงจำกัด (Private Placement) (แก้ไขเพิ่มเติม ครั้งที่ 2)
12/21/2020,17:07,STARK,Right Offering,การจดทะเบียนเพิ่มทุนจดทะเบียน ของ บริษัท สตาร์ค คอร์เปอเรชั่น จำกัด (มหาชน)
12/21/2020,17:01,STARK,Right Offering,การกำหนดวันจองซื้อและชำระค่าหุ้นสามัญเพิ่มทุนของบริษัท ซึ่งจัดสรรให้กับบุคคลในวงจำกัด และแจ้งผลการคำนวณเปรียบเทียบราคาตลาดและราคาเสนอขายหุ้นเพิ่มทุนให้แก่บุคคลในวงจำกัด (Private Placement) (แก้ไขเพิ่มเติม ครั้งที่ 1)
12/21/2020,12:31,STARK,Right Offering,การกำหนดวันจองซื้อและชำระค่าหุ้นสามัญเพิ่มทุนของบริษัท ซึ่งจัดสรรให้กับบุคคลในวงจำกัด และแจ้งผลการคำนวณเปรียบเทียบราคาตลาดและราคาเสนอขายหุ้นเพิ่มทุนให้แก่บุคคลในวงจำกัด (Private Placement) (แก้ไข Template)
12/21/2020,8:49,STARK,Right Offering,การกำหนดวันจองซื้อและชำระค่าหุ้นสามัญเพิ่มทุนของบริษัท ซึ่งจัดสรรให้กับบุคคลในวงจำกัด และแจ้งผลการคำนวณเปรียบเทียบราคาตลาดและราคาเสนอขายหุ้นเพิ่มทุนให้แก่บุคคลในวงจำกัด (Private Placement)
12/18/2020,17:24,STARK,Split Par,การจดทะเบียนลดทุนจดทะเบียนของ บริษัท สตาร์ค คอร์เปอเรชั่น จำกัด (มหาชน)
12/18/2020,7:30,STARK,Warrant,แจ้งวันกำหนดรายชื่อผู้ถือหุ้นที่มีสิทธิได้รับจัดสรรใบสำคัญแสดงสิทธิที่จะซื้อหุ้นสามัญของบริษัท สตาร์ค คอร์เปอเรชั่น จำกัด (มหาชน) รุ่นที่ 1 (STARK-W1) (Record Date)
12/17/2020,18:16,STARK,General Meetings,มติที่ประชุมผู้ถือหุ้น
12/2/2020,17:02,STARK,General Meetings,การเผยแพร่หนังสือเชิญประชุมวิสามัญผู้ถือหุ้น ครั้งที่ 2/2563 บนเว็บไซต์ของบริษัท
11/24/2020,17:02,STARK,Warrant,การเปลี่ยนแปลงมูลค่าหุ้นที่ตราไว้ การออกใบสำคัญแสดงสิทธิ (STARK-W1) และการเรียกประชุมวิสามัญผู้ถือหุ้น ครั้งที่ 2/2563 (แก้ไขเพิ่มเติมครั้งที่ 3)
11/12/2020,8:29,SET,Announcement,STARK มีคุณสมบัติการกระจายการถือหุ้นของผู้ถือหุ้นรายย่อยครบถ้วน
11/11/2020,17:09,STARK,Performance,สรุปผลการดำเนินงานของ บจ. ไตรมาสที่ 3 (F45) (สอบทานแล้ว)
11/11/2020,17:09,STARK,Others,คำอธิบายและวิเคราะห์ของฝ่ายจัดการ ไตรมาสที่ 3 สิ้นสุดวันที่ 30 ก.ย. 2563
11/11/2020,8:43,STARK,Free Float,แจ้งการแก้ไขการกระจายการถือหุ้นของผู้ถือหุ้นรายย่อย (Free Float) ครบถ้วน
11/9/2020,8:12,STARK,Warrant,การเปลี่ยนแปลงมูลค่าหุ้นที่ตราไว้ การออกใบสำคัญแสดงสิทธิ (STARK-W1) และการเรียกประชุมวิสามัญผู้ถือหุ้น ครั้งที่ 2/2563 (แก้ไขเพิ่มเติมครั้งที่ 2)
11/6/2020,7:54,STARK,Warrant,การเปลี่ยนแปลงมูลค่าหุ้นที่ตราไว้ การออกใบสำคัญแสดงสิทธิ (STARK-W1) และการเรียกประชุมวิสามัญผู้ถือหุ้น ครั้งที่ 2/2563 (แก้ไขเพิ่มเติมครั้งที่ 1)
11/5/2020,20:51,STARK,Warrant,การเปลี่ยนแปลงมูลค่าหุ้นที่ตราไว้ การออกใบสำคัญแสดงสิทธิ (STARK-W1) และการเรียกประชุมวิสามัญผู้ถือหุ้น ครั้งที่ 2/2563
10/30/2020,7:00,SEC,Financial Statement,SEC News : สรุปแบบ 246-2 ประจำวันที่ 29 ตุลาคม 2563
10/28/2020,12:56,STARK,Free Float,แจ้งสัดส่วนการถือหุ้นของผู้ถือหุ้นรายย่อย (Free Float) ครบตามหลักเกณฑ์ (ร้อยละ 20.85)
10/22/2020,20:31,STARK,Announcement,แจ้งการเปิดเผยสารสนเทศของบริษัทฯ บนเว็บไซต์ของบริษัทฯ
9/29/2020,12:31,STARK,Announcement,แจ้งความคืบหน้าเกี่ยวกับการเพิ่มสัดส่วนการกระจายการถือหุ้นของผู้ถือหุ้นรายย่อย (แก้ไขฉบับภาษาอังกฤษ)
9/28/2020,18:52,STARK,Announcement,แจ้งการเปิดเผยข้อมูลเพิ่มเติมเกี่ยวกับบริษัทฯ บนเว็บไซต์ของบริษัทฯ
9/28/2020,17:28,STARK,Announcement,แจ้งความคืบหน้าเกี่ยวกับการเพิ่มสัดส่วนการกระจายการถือหุ้นของผู้ถือหุ้นรายย่อย
8/26/2020,8:40,SET,Announcement,ตลาดหลักทรัพย์ฯ ขอให้ผู้ลงทุนติดตามข้อมูลการกระจายการถือหุ้นรายย่อยของ STARK
8/4/2020,7:46,STARK,Performance,สรุปผลการดำเนินงานของ บจ. ไตรมาสที่ 2 (F45) (สอบทานแล้ว)
8/4/2020,7:46,STARK,Others,คำอธิบายและวิเคราะห์ของฝ่ายจัดการ ไตรมาสที่ 2 สิ้นสุดวันที่ 30 มิ.ย. 2563
7/23/2020,17:02,SET,Split Par,การลดทุนจดทะเบียนและทุนชำระแล้วของ STARK
7/15/2020,17:10,STARK,Announcement,รายงานการจดทะเบียนลดทุนจดทะเบียนโดยการลดมูลค่าหุ้นที่ตราไว้ต่อกระทรวงพาณิชย์
6/19/2020,8:54,STARK,Announcement,ชี้แจงข้อซักถามของนักลงทุนเกี่ยวกับข่าวการออกหุ้นกู้
5/28/2020,19:14,STARK,Free Float,แจ้งความคืบหน้าการเพิ่มสัดส่วนการถือหุ้นของผู้ถือหุ้นรายย่อย (Free Float)
5/21/2020,18:33,STARK,Free Float,ชี้แจ้งความคืบหน้าและแนวทางการเพิ่มสัดส่วนการถือหุ้นของผู้ถือหุ้นรายย่อย (Free Float)
5/13/2020,19:31,STARK,General Meetings,มติที่ประชุมผู้ถือหุ้น
5/11/2020,6:53,STARK,Others,คำอธิบายและวิเคราะห์ของฝ่ายจัดการ ไตรมาสที่ 1 สิ้นสุดวันที่ 31 มี.ค. 2563
5/11/2020,6:52,STARK,Performance,สรุปผลการดำเนินงานของบจ. ไตรมาสที่ 1 (F45)
4/28/2020,17:41,STARK,Announcement,การเผยแพร่หนังสือเชิญประชุมสามัญผู้ถือหุ้น ประจำปี 2563 บนเว็บไซต์ของบริษัท
4/23/2020,12:38,STARK,General Meetings,แจ้งการกำหนดวันประชุมสามัญผู้ถือหุ้น ประจำปี 2563 และการเปลี่ยนแปลงสถานที่ประชุมใหม่
4/14/2020,17:18,STARK,General Meetings,"แจ้งการเข้าทำสัญญาให้บริการของบริษัทย่อย (มูลค่าประมาณ 4,330 ล้านบาท)"
4/3/2020,8:45,STARK,General Meetings,แจ้งเลื่อนการประชุมสามัญผู้ถือหุ้น ประจำปี 2563 และแจ้งเปลี่ยนแปลงผู้ดำรงตำแหน่งประธานเจ้าหน้าที่บริหาร (เพิ่ม Template)
4/3/2020,7:03,STARK,General Meetings,แจ้งเลื่อนการประชุมสามัญผู้ถือหุ้น ประจำปี 2563 และแจ้งเปลี่ยนแปลงผู้ดำรงตำแหน่งประธานเจ้าหน้าที่บริหาร
4/1/2020,17:45,STARK,Affiliates,แจ้งความคืบหน้าการเข้าลงทุนของบริษัทย่อย
4/1/2020,17:30,STARK,General Meetings,รายงานความคืบหน้าการได้มาซึ่งสินทรัพย์ (การลงทุนในสาธารณรัฐสังคมนิยมเวียดนาม)
4/1/2020,17:11,STARK,General Meetings,การแจ้งมติคณะกรรมการบริษัท ครั้งที่ 4/2563 เรื่อง การเข้าลงทุนของบริษัทย่อย (แก้ไขเพิ่มเติม)
3/27/2020,18:12,STARK,General Meetings,การแจ้งมติคณะกรรมการบริษัท ครั้งที่ 4/2563 เรื่อง การเข้าลงทุนของบริษัทย่อย
3/24/2020,8:46,STARK,General Meetings,แจ้งมติที่ประชุมวิสามัญผู้ถือหุ้นครั้งที่ 1/2563
3/18/2020,18:05,STARK,General Meetings,แนวปฏิบัติสำหรับผู้ถือหุ้นในการเข้าร่วมประชุมวิสามัญผู้ถือหุ้น ครั้งที่ 1/2563 เนื่องด้วยการแพร่ระบาดของ โรคติดเชื้อไวรัสโคโรนาสายพันธุ์ใหม่ 2019 (COVID-19)
3/16/2020,19:09,STARK,General Meetings,การแจ้งมติคณะกรรมการบริษัท ครั้งที่ 3/2563 เรื่อง การงดจ่ายเงินปันผล การลดทุนจดทะเบียนของบริษัท และ การกำหนดวันประชุมสามัญผู้ถือหุ้น ประจำปี 2563
3/6/2020,17:06,STARK,Announcement,การเผยแพร่หนังสือเชิญประชุมวิสามัญผู้ถือหุ้นครั้งที่ 1/2563 บนเว็บไซต์ของบริษัท
2/28/2020,8:39,STARK,Performance,สรุปผลการดำเนินงานของบจ. ประจำปี (F45) (แก้ไข)
2/28/2020,7:46,STARK,Performance,สรุปผลการดำเนินงานของบจ. ประจำปี (F45)
2/28/2020,7:46,STARK,Others,คำอธิบายและวิเคราะห์ของฝ่ายจัดการ ประจำปี สิ้นสุดวันที่ 31 ธ.ค. 2562
1/30/2020,8:27,STARK,Right Offering,รายงานการใช้เงินเพิ่มทุน
1/29/2020,9:03,STARK,Free Float,แนวทางการเพิ่มสัดส่วนการถือหุ้นของผู้ถือหุ้นรายย่อย (Free Float) และการออกตราสารหนี้ และแก้ไขวาระการประชุมวิสามัญผู้ถือหุ้น ครั้งที่ 1/2563
1/2/2020,13:20,STARK,General Meetings,การได้มาซึ่งสินทรัพย์ (การลงทุนในสาธารณรัฐสังคมนิยมเวียดนาม) และกำหนดวันประชุมวิสามัญผู้ถือหุ้นครั้งที่ 1/2563 (แก้ไขเพิ่มเติมครั้งที่ 1)
12/30/2019,7:48,STARK,General Meetings,การเปิดโอกาสให้ผู้ถือหุ้นเสนอวาระการประชุม และเสนอชื่อบุคคล เพื่อเข้ารับการเลือกตั้งเป็นกรรมการบริษัทเป็นการล่วงหน้า
12/27/2019,7:07,STARK,General Meetings,การได้มาซึ่งสินทรัพย์ (การลงทุนในสาธารณรัฐสังคมนิยมเวียดนาม) และกำหนดวันประชุมวิสามัญผู้ถือหุ้นครั้งที่ 1/2563
12/25/2019,17:41,STARK,Announcement,แจ้งความคืบหน้าการรับโอนกิจการทั้งหมดจากบริษัท พินวีล 2 จำกัด
12/24/2019,17:07,SET,Split Par,การลดทุนจดทะเบียนและทุนชำระแล้วของ STARK
12/23/2019,17:12,STARK,General Meetings,รายงานการจดทะเบียนลดทุนจดทะเบียนโดยการลดมูลค่าหุ้นที่ตราไว้ต่อกระทรวงพาณิชย์
12/13/2019,17:11,STARK,General Meetings,แจ้งการเผยแพร่รายงานการประชุมวิสามัญผู้ถือหุ้น ครั้งที่ 3/2562 บนเว็บไซต์ของบริษัท
11/29/2019,17:00,STARK,General Meetings,แจ้งมติที่ประชุมวิสามัญผู้ถือหุ้นครั้งที่ 3/2562
11/19/2019,8:34,SET,Stock Symbol,ตลาดหลักทรัพย์ฯ ปลดเครื่องหมาย C หลักทรัพย์ STARK
11/15/2019,8:54,STARK,Others,คำอธิบายและวิเคราะห์ของฝ่ายจัดการ ไตรมาสที่ 3 สิ้นสุดวันที่ 30 กันยายน 2562 (บริษัท เฟ้ลปด์ ดอด์จ อินเตอร์เนชั่นแนล (ไทยแลนด์) จำกัด)
11/14/2019,18:41,STARK,Others,ความเห็นของที่ปรึกษาทางการเงินอิสระเกี่ยวกับรายการได้มาซึ่งสินทรัพย์และการเข้าทำรายการที่เกี่ยวโยงกัน (ส่วนที่ 2)
11/14/2019,18:36,STARK,Others,ความเห็นของที่ปรึกษาทางการเงินอิสระเกี่ยวกับรายการได้มาซึ่งสินทรัพย์และการเข้าทำรายการที่เกี่ยวโยงกัน (ส่วนที่ 1)
11/14/2019,17:43,STARK,General Meetings,การเผยแพร่หนังสือเชิญประชุมวิสามัญผู้ถือหุ้นครั้งที่ 3/2562 พร้อมเอกสารประกอบการประชุม บนเว็บไซต์ของบริษัท
11/14/2019,9:02,STARK,Performance,สรุปผลการดำเนินงานของบจ. ไตรมาสที่ 3 (F45) (แก้ไข)
11/14/2019,8:38,STARK,Others,คำอธิบายและวิเคราะห์ของฝ่ายจัดการ ไตรมาสที่ 3 สิ้นสุดวันที่ 30 ก.ย. 2562
11/14/2019,8:37,STARK,Performance,สรุปผลการดำเนินงานของบจ. ไตรมาสที่ 3 (F45)
11/13/2019,20:42,STARK,General Meetings,แจ้งมติที่ประชุมคณะกรรมการครั้งที่ 6/2562 เรื่อง การแก้ไขวาระการประชุมวิสามัญผู้ถือหุ้น ครั้งที่ 3/2562
11/1/2019,17:04,STARK,General Meetings,แจ้งการเผยแพร่รายงานการประชุมวิสามัญผู้ถือหุ้น ครั้งที่ 2/2562 บนเว็บไซต์ของบริษัท
10/22/2019,17:03,STARK,Others,รายงานการจดทะเบียนลดทุนจดทะเบียน และการแก้ไขเพิ่มเติมข้อบังคับของ บริษัท สตาร์ค คอร์เปอเรชั่น จำกัด (มหาชน)
10/21/2019,18:15,STARK,General Meetings,แจ้งมติที่ประชุมวิสามัญผู้ถือหุ้นครั้งที่ 2/2562
10/16/2019,20:15,STARK,General Meetings,การได้มาซึ่งสินทรัพย์และการเข้าทำรายการที่เกี่ยวโยงกัน (บริษัท อดิสรสงขลา จำกัด) และการกำหนดวันประชุมวิสามัญผู้ถือหุ้น ครั้งที่ 3/2562 (ข้อมูลเพิ่มเติม)
10/10/2019,17:08,STARK,General Meetings,แจ้งการเปลี่ยนแปลงของผู้ควบคุมดูแลการทำบัญชี
10/8/2019,8:56,STARK,General Meetings,การได้มาซึ่งสินทรัพย์และการเข้าทำรายการที่เกี่ยวโยงกัน (บริษัท อดิสรสงขลา จากัด) และการกำหนดวันประชุมวิสามัญผู้ถือหุ้น ครั้งที่ 3/2562 (แก้ไขเพิ่มเติมครั้งที่ 1)
10/7/2019,17:08,STARK,General Meetings,การเผยแพร่หนังสือเชิญประชุมวิสามัญผู้ถือหุ้นครั้งที่ 2/2562 พร้อมเอกสารประกอบการประชุม บนเว็บไซต์ของบริษัท
10/4/2019,18:43,STARK,General Meetings,การได้มาซึ่งสินทรัพย์และการเข้าทำรายการที่เกี่ยวโยงกัน (บริษัท อดิสรสงขลา จากัด) และการกำหนดวันประชุมวิสามัญผู้ถือหุ้น ครั้งที่ 3/2562
10/4/2019,8:33,SET,Right Offering,หุ้นเพิ่มทุนของ STARK เริ่มซื้อขายวันที่ 7 ตุลาคม 2562
10/1/2019,8:17,STARK,General Meetings,"แจ้งการจดทะเบียนเปลี่ยนแปลงทุนชำระแล้วของบริษัทฯ, การแก้ไขตัวเลขการลดทุนจดทะเบียนของบริษัทฯ และการแก้ไขวาระการประชุมวิสามัญผู้ถือหุ้น ครั้งที่ 2/2562"
9/30/2019,20:50,STARK,General Meetings,การจดทะเบียนเปลี่ยนแปลงทุนจดทะเบียนชำระแล้ว ของ บริษัท สตาร์ค คอร์เปอเรชั่น จำกัด (มหาชน)
9/30/2019,20:44,STARK,General Meetings,แบบรายงานผลการขายของ หุ้นสามัญ ที่เสนอขายให้แก่ ผู้ถือหุ้นสามัญเดิม (F53-5)
9/26/2019,17:30,STARK,Announcement,แจ้งการย้ายที่ตั้งสำนักงานใหญ่
9/16/2019,17:24,STARK,Right Offering,แจ้งเผยแพร่หนังสือแจ้งการจัดสรรหุ้นสามัญเพิ่มทุนและกำหนดการจองซื้อและรับชำระเงินค่าหุ้นสามัญเพิ่มทุนที่เสนอขายให้แก่ผู้ถือหุ้นเดิมตามสัดส่วนการถือหุ้น (Rights Offering) บนเว็บไซต์บริษัท
9/5/2019,18:45,STARK,Others,คำอธิบายและวิเคราะห์ของฝ่ายจัดการสำหรับงบการเงินรวมเสมือนของบริษัทประจำไตรมาส 2 ปี 2562 สิ้นสุด วันที่ 30 มิถุนายน 2562
9/2/2019,8:04,SEC,Financial Statement,SEC News : แจ้งข่าวแบบ 256-2 ของ STARK
8/30/2019,18:32,STARK,Stock Symbol,"สรุปแนวทางการแก้ไขการถูกขึ้นเครื่องหมาย ""C"""
8/30/2019,12:51,STARK,Announcement,แจ้งการได้รับแบบรายงานผลการซื้อหลักทรัพย์ของบริษัท สตาร์ค คอร์เปอเรชั่น จากัด (มหาชน) (แบบ 256-2)
8/29/2019,18:22,STARK,Stock Symbol,"สรุปแนวทางการแก้ไขการถูกขึ้นเครื่องหมาย ""C"""
8/29/2019,17:09,STARK,Business Related,การปรับโครงสร้างภายในกลุ่มบริษัทฯ
8/29/2019,17:04,STARK,Right Offering,"แจ้งมติที่ประชุมคณะกรรมการบริษัท ครั้งที่ 3/2562 เรื่องการจัดสรรหุ้นเพ่ิมทุนให้แก่ผู้ถือหุ้นเดิม (RO), ลดทุนชำระแล้ว, กำหนดวันประชุมวิสามัญผู้ถือหุ้นครั้งที่ 2/2562 (แก้ไข Template) (แก้ไขครั้งที่ 3)"
8/29/2019,13:25,STARK,Right Offering,"แจ้งมติที่ประชุมคณะกรรมการบริษัท ครั้งที่ 3/2562 เรื่องการจัดสรรหุ้นเพ่ิมทุนให้แก่ผู้ถือหุ้นเดิม (RO), ลดทุนชำระแล้ว, กำหนดวันประชุมวิสามัญผู้ถือหุ้นครั้งที่ 2/2562 (แก้ไข Template) (แก้ไขครั้งที่ 2)"
8/29/2019,13:25,STARK,Right Offering,แบบรายงานการเพิ่มทุน (F53-4)
8/29/2019,9:02,STARK,Right Offering,"แจ้งมติที่ประชุมคณะกรรมการบริษัท ครั้งที่ 3/2562 เรื่องการจัดสรรหุ้นเพ่ิมทุนให้แก่ผู้ถือหุ้นเดิม (RO), ลดทุนชำระแล้ว, กำหนดวันประชุมวิสามัญผู้ถือหุ้นครั้งที่ 2/2562 (แก้ไข Template)"
8/29/2019,8:55,STARK,Right Offering,"แจ้งมติที่ประชุมคณะกรรมการบริษัท ครั้งที่ 3/2562 เรื่องการจัดสรรหุ้นเพ่ิมทุนให้แก่ผู้ถือหุ้นเดิม (RO), ลดทุนชำระแล้ว, กำหนดวันประชุมวิสามัญผู้ถือหุ้นครั้งที่ 2/2562 (เพิ่ม Template)"
8/28/2019,22:31,STARK,Right Offering,แจ้งมติที่ประชุมคณะกรรมการบริษัท ครั้งที่ 3/2562
8/28/2019,22:16,STARK,Announcement,แจ้งความคืบหน้าการจำหน่ายเงินลงทุนของบริษัท เอสเอ็มเอ็ม พลัส จำกัด
8/26/2019,17:31,STARK,Announcement,ขอนำส่งรายงานความเห็นของกิจการเกี่ยวกับคำเสนอซื้อหลักทรัพย์ (แบบ 250-2) และความเห็นของที่ปรึกษาทางการเงินอิสระต่อคำเสนอซื้อหลักทรัพย์ของบริษัท สตาร์ค คอร์เปอเรชั่น จากัด (มหาชน) (ฉบับแก้ไขเพิ่มเติม ครั้งที่ 2)
8/26/2019,17:16,STARK,Committee,แจ้งการเปลี่ยนแปลงของ CFO
8/23/2019,18:41,STARK,Announcement,ขอนำส่งรายงานความเห็นของกิจการเกี่ยวกับคำเสนอซื้อหลักทรัพย์ (แบบ 250-2) และความเห็นของที่ปรึกษาทางการเงินอิสระต่อคำเสนอซื้อหลักทรัพย์ของบริษัท สตาร์ค คอร์เปอเรชั่น จำกัด (มหาชน) (ฉบับแก้ไขเพิ่มเติม ครั้งที่ 1)
8/23/2019,18:34,STARK,Announcement,แจ้งการได้รับเอกสารแก้ไขเพิ่มเติมคำเสนอซื้อหลักทรัพย์ของบริษัท สตาร์ค คอร์เปอเรชั่น จากัด (มหาชน) (แบบ 247-4 แก้ไขเพิ่มเติมครั้งที่ 3)
8/22/2019,20:11,SEC,Financial Statement,SEC News : แจ้งข่าวแบบ 247-6-ข ของ STARK
8/22/2019,17:27,STARK,Announcement,แจ้งการได้รับแบบรายงานผลการเสนอซื้อหลักทรัพย์เบื้องต้นของบริษัท สตาร์ค คอร์เปอเรชั่น จากัด (มหาชน) (แบบ 247-6-ข)
8/22/2019,17:25,STARK,Public Presentation,กำหนดการจัดประชุมเพื่อให้ข้อมูลแก่ผู้ลงทุนและผู้ที่เกี่ยวข้อง (Public Presentation)
8/21/2019,17:08,STARK,Announcement,แจ้งการได้รับเอกสารแก้ไขเพิ่มเติมคำเสนอซื้อหลักทรัพย์ของบริษัท สตาร์ค คอร์เปอเรชั่น จำกัด (มหาชน) (แบบ 247-4 แก้ไขเพิ่มเติมครั้งที่ 2)
8/20/2019,18:17,STARK,Committee,แจ้งกรรมการลาออก
8/15/2019,8:37,STARK,Performance,สรุปผลการดำเนินงานของบจ.และรวมของบริษัทย่อย ไตรมาสที่ 2 (F45-3)  (แก้ไข)
8/15/2019,6:51,STARK,Others,คำอธิบายและวิเคราะห์ของฝ่ายจัดการ ไตรมาสที่ 2 สิ้นสุดวันที่ 30 มิ.ย. 2562
8/15/2019,6:44,STARK,Performance,ชี้แจงผลการดำเนินงาน ไตรมาสที่ 2 สิ้นสุดวันที่ 30 มิ.ย. 2562
8/15/2019,6:42,STARK,Performance,สรุปผลการดำเนินงานของบจ.และรวมของบริษัทย่อย ไตรมาสที่ 2 (F45-3)
8/13/2019,19:47,SEC,Financial Statement,SEC News : แจ้งข่าวแบบ 250-2 ของ STARK
8/13/2019,12:49,STARK,Others,ขอนำส่งรายงานความเห็นของกิจการเกี่ยวกับคำเสนอซื้อหลักทรัพย์ (แบบ 250-2) และความเห็นของที่ปรึกษาทางการเงินอิสระต่อคำเสนอซื้อหลักทรัพย์ของบริษัท สตาร์ค คอร์เปอเรชั่น จำกัด (มหาชน)
8/8/2019,17:43,STARK,Others,แจ้งการได้รับเอกสารแก้ไขเพิ่มเติมคำเสนอซื้อหลักทรัพย์ของบริษัท สตาร์ค คอร์เปอเรชั่น จำกัด (มหาชน) (แบบ 247-4 แก้ไขเพิ่มเติม)
7/24/2019,9:04,STARK,Others,สรุปข้อสนเทศ
7/24/2019,9:03,SET,Business Related,การปรับย้ายหมวดธุรกิจของ STARK
7/24/2019,9:02,SET,Right Offering,การพิจารณาคุณสมบัติของ STARK และการรับหุ้นเพิ่มทุนเป็นหลักทรัพย์จดทะเบียนเพิ่มเติม เริ่มซื้อขายวันที่ 25 กรกฎาคม 2562
7/22/2019,18:59,SEC,Financial Statement,SEC News : แจ้งข่าวแบบ 247-4 ของ STARK
7/22/2019,12:49,STARK,Others,แจ้งการได้รับคำเสนอซื้อหลักทรัพย์ (แบบ 247-4)
7/19/2019,18:51,STARK,Private Placement,แบบรายงานผลการขายของ หุ้นสามัญ ที่เสนอขายให้แก่ บุคคลในวงจำกัด (F53-5)
7/17/2019,17:05,SET,Business Related,การเปลี่ยนแปลงชื่อบริษัทและชื่อย่อหลักทรัพย์ของ SMM
7/15/2019,8:46,STARK,Others,แจ้งเปลี่ยนแปลงชื่อบริษัท ชื่อย่อหลักทรัพย์ ตราประทับของบริัษัท และแผนการดำเนินงานเพื่อลดทุนจดทะเบียนของบริษัท
7/11/2019,7:21,SEC,Financial Statement,SEC News :สรุปแบบ 246-2 ประจำวันที่ 10 กรกฎาคม 2562
7/10/2019,8:13,STARK,Committee,แจ้งเปลี่ยนแปลงกรรมการและผู้บริหาร
7/9/2019,19:20,STARK,Private Placement,แจ้งการรับโอนกิจการทั้งหมดของบริษัท ทีม เอ โฮลดิ้ง 2 จำกัด และการเพิ่มทุนของบริษัทซึ่งจัดสรรให้กับบุคคลในวงจำกัด (Private Placement)
5/28/2019,18:07,STARK,Stock Symbol,"สรุปแนวทางการแก้ไขการถูกขึ้นเครื่องหมาย  ""C"""
5/16/2019,17:32,STARK,Public Presentation,กำหนดการจัดประชุมเพื่อให้ข้อมูลแก่ผู้ลงทุนและผู้ที่เกี่ยวข้อง (Public  Persentation)
5/16/2019,8:59,STARK,Others,คำอธิบายและวิเคราะห์ของฝ่ายจัดการ ไตรมาสที่ 1 สิ้นสุดวันที่ 31 มี.ค. 2562 (แก้ไข)
5/16/2019,8:54,STARK,Others,คำอธิบายและวิเคราะห์ของฝ่ายจัดการ ไตรมาสที่ 1 สิ้นสุดวันที่ 31 มี.ค. 2562
5/16/2019,8:42,STARK,Performance,สรุปผลการดำเนินงานของบจ.และรวมของบริษัทย่อย ไตรมาสที่ 1 (F45-3)
4/30/2019,19:00,STARK,General Meetings,มติที่ประชุมผู้ถือหุ้น
4/19/2019,12:32,STARK,General Meetings,การเผยแพร่หนังสือเชิญประชุมผู้ถือหุ้นประจำปี 2562 ทางเว็บไซต์ของบริษัท
4/11/2019,17:37,STARK,General Meetings,มติที่ประชุมผู้ถือหุ้น
3/28/2019,17:07,STARK,General Meetings,รายงานความเห็นที่ปรึกษาการเงินอิสระ เรื่อง การทำคำสั่งซื้อของทีม เอ โฮลดิ้ง
3/25/2019,19:16,STARK,General Meetings,การเผยแพร่หนังสือเชิญประชุมวิสามัญผู้ถือหุ้นครั้งที่ 1/2562
3/22/2019,19:23,STARK,General Meetings,กำหนดวันประชุมสามัญผู้ถือหุ้นประจำปี 2562 และงดจ่ายเงินปันผล
3/15/2019,18:08,STARK,General Meetings,แจ้งเลื่อนวันประชุมวิสามัญผู้ถือหุ้น ครั้งที่ 1/2562 และเปลี่ยนแปลงสถานที่ประชุมโดยใช้วันกำหนดรายชื่อผู้ถือหุ้นที่มีสิทธิเข้าร่วมประชุมวิสามัญผู้ถือหุ้น ครั้งที่ 1/2562 (Record Date) ตามเดิม
3/7/2019,18:19,STARK,Stock Symbol,"สรุปแนวทางการแก้ไขการถูกขึ้นเครื่องหมาย ""C"""
3/6/2019,18:35,STARK,Affiliates,แจ้งการจัดตั้งบริษัทย่อย
2/26/2019,17:00,STARK,Public Presentation,กำหนดการจัดประชุมเพื่อให้ข้อมูลแก่ผู้ลงทุนและผู้ที่เกี่ยวข้อง (Public Persentation)
2/22/2019,18:35,STARK,Right Offering,"แจ้งมติที่ประชุมคณะกรรมการบริษัทเรื่องการจัดสรรหุ้นเพ่ิมทุนให้แก่ผู้ถือหุ้นเดิม (RO) ,ประชาชนเป็นการทั่วไป (PO)  กำหนดวันประชุมวิสามัญผู้ถือหุ้นครั้งที่ 1/2562"
2/20/2019,8:37,SET,Stock Symbol,ตลาดหลักทรัพย์ฯ ขึ้นเครื่องหมาย C หลักทรัพย์ SMM
2/18/2019,6:37,STARK,Performance,สรุปผลการดำเนินงานของบจ. ประจำปี (F45-1)
2/18/2019,6:36,STARK,Others,คำอธิบายและวิเคราะห์ของฝ่ายจัดการ ประจำปี สิ้นสุดวันที่ 31 ธ.ค. 2561
2/11/2019,19:47,STARK,General Meetings,ยกเลิกวันกำหนดรายชื่อผู้ถือหุ้นที่มีสิทธิเข้าร่วมประชุม (Record Date) สำหรับการประชุมวิสามัญผู้ถือหุ้นครั้งที่ 1/2562 ในวันที่ 29 มีนาคม 2562 และกำหนดวันกำหนดรายชื่อผู้ถือหุ้นที่มีสิทธิเข้าร่วมประชุม (Record Date) ใหม่
2/8/2019,12:33,STARK,General Meetings,การเปิดโอกาสให้ผู้ถือหุ้นเสนอวาระการประชุมสามัญผู้ถือหุ้น และเสนอบุคคลเพื่อรับการพิจารณาเลือกตั้งเป็นกรรมการบริษัท
1/25/2019,17:39,SET,Announcement,หลักทรัพย์ที่เข้าข่ายมาตรการกำกับการซื้อขาย
12/24/2018,7:01,STARK,Announcement,รายงานมติคณะกรรมการบริษัท เรื่องการปรับโครงสร้างและลักษณะการประกอบธุรกิจและการออกหุ้นเพิ่มทุนโดยวิธีเฉพาะเจาะจง
11/14/2018,20:03,STARK,Performance,สรุปผลการดำเนินงานของบจ. ไตรมาสที่ 3 (F45-1)(แก้ไข)
11/14/2018,17:15,STARK,Performance,สรุปผลการดำเนินงานของบจ. ไตรมาสที่ 3 (F45-1)
11/14/2018,17:15,STARK,Others,คำอธิบายและวิเคราะห์ของฝ่ายจัดการ ไตรมาสที่ 3 สิ้นสุดวันที่ 30 ก.ย. 2561
10/25/2018,8:21,SET,Right Offering,หุ้นเพิ่มทุนของ SMM เริ่มซื้อขายวันที่ 26 ตุลาคม 2561
10/22/2018,18:06,STARK,Warrant,แบบรายงานผลการใช้สิทธิของ SMM-W4 (F53-5)
9/21/2018,17:22,STARK,Warrant,แบบรายงานผลการใช้สิทธิของ SMM-W4 (F53-5)
9/21/2018,8:15,SET,Warrant,25 กันยายน 2561 เป็นวันซื้อขายสุดท้ายของ SMM-W4
9/5/2018,17:15,STARK,Warrant,กำหนดการใช้สิทธิของ SMM-W4
8/30/2018,8:30,SET,Business Related,การห้ามซื้อหรือขายและพ้นสภาพจากการเป็นหลักทรัพย์จดทะเบียนของ SMM-W4
8/22/2018,17:06,STARK,Warrant,กำหนดการใช้สิทธิครั้งสุดท้ายและขอพักการขายหลักทรัพย์ SMM-W4
8/21/2018,17:00,STARK,Warrant,แบบรายงานผลการใช้สิทธิของ SMM-W4 (F53-5)
8/14/2018,17:10,STARK,Performance,สรุปผลการดำเนินงานของบจ. ไตรมาสที่ 2 (F45-1)
8/14/2018,17:10,STARK,Others,คำอธิบายและวิเคราะห์ของฝ่ายจัดการ ไตรมาสที่ 2 สิ้นสุดวันที่ 30 มิ.ย. 2561